,0,1,2,3,4,5,6,7,8,9,10,11,12,13,14,15,accuracy,macro avg,weighted avg
0,0.781725888324873,0.748091603053435,0.8108108108108109,0.8483146067415731,0.6277372262773723,0.7586206896551725,0.718562874251497,0.5,0.8743169398907104,0.8333333333333334,0.8208955223880596,0.9449275362318841,0.6105263157894737,0.8360655737704917,0.9285714285714286,0.8648648648648648,0.8114035087719298,0.7817103258721863,0.8121939138891663
