,0,1,2,3,4,5,6,7,8,accuracy,macro avg,weighted avg
0,0.0,0.0,0.0,0.0,0.48484848484848486,0.0,0.0,0.0,0.0,0.32,0.05387205387205388,0.15515151515151515
